{
    "time2Goal": 3.8531267642974855,
    "time2Goal2": 5.506106376647949,
    "time2Finish": 3.773947238922119,
    "timesHit": 0,
    "enemiesSpawnned": 4,
    "enemiesDefeated": 0,
    "levelAttemptsTotal": 4
}