{
    "time2Goal": 4.654076099395752,
    "time2Goal2": 6.110217094421387,
    "time2Finish": 4.004244804382324,
    "timesHit": 0,
    "enemiesSpawnned": 4,
    "enemiesDefeated": 1,
    "levelAttemptsTotal": 2
}