{"cameraMode":{"drawMode":0,"name":"Shaded","section":"Shading Mode"},"sceneLighting":false,"audioPlay":false,"sceneViewState":{"showFog":true,"showMaterialUpdate":true,"showSkybox":false,"showFlares":true,"showImageEffects":true,"showParticleSystems":true},"in2DMode":false,"pivot":{"x":-4.915849685668945,"y":0.06875503063201904,"z":6.4331955909729},"rotation":{"x":0.26604053378105166,"y":0.702904999256134,"z":-0.3261186182498932,"w":0.5734260678291321},"size":1.824662208557129,"orthographic":false}