{"cameraMode":{"drawMode":0,"name":"Shaded","section":"Shading Mode"},"sceneLighting":false,"audioPlay":false,"sceneViewState":{"showFog":true,"showMaterialUpdate":true,"showSkybox":false,"showFlares":true,"showImageEffects":true,"showParticleSystems":true},"in2DMode":false,"pivot":{"x":-5.460000038146973,"y":0.5899999141693115,"z":5.929999828338623},"rotation":{"x":0.24171677231788636,"y":-0.2048274576663971,"z":0.05227932333946228,"w":0.9470422863960266},"size":0.8660253882408142,"orthographic":false}