{"cameraMode":{"drawMode":0,"name":"Shaded","section":"Shading Mode"},"sceneLighting":true,"audioPlay":false,"sceneViewState":{"showFog":true,"showMaterialUpdate":true,"showSkybox":true,"showFlares":true,"showImageEffects":true,"showParticleSystems":true},"in2DMode":false,"pivot":{"x":4.778825759887695,"y":-1.6572918891906739,"z":19.982975006103517},"rotation":{"x":0.6532366871833801,"y":0.00794965960085392,"z":-0.006859229877591133,"w":0.757081925868988},"size":47.804622650146487,"orthographic":false}