{"time2Goal":2.3711636066436769,"time2Finish":6.786738395690918,"timesHit":0,"enemiesSpawnned":2,"enemiesDefeated":0}