{
    "time2Goal": 8.11406421661377,
    "time2Goal2": 0.0,
    "time2Finish": 9.134955406188965,
    "timesHit": 0,
    "enemiesSpawnned": 5,
    "enemiesDefeated": 1,
    "levelAttemptsTotal": 1
}