{
    "time2Goal": 5.488006114959717,
    "time2Goal2": 4.643581867218018,
    "time2Finish": 7.107545375823975,
    "timesHit": 0,
    "enemiesSpawnned": 5,
    "enemiesDefeated": 0,
    "levelAttemptsTotal": 3
}